,Name,Class,SMILES
0,benzene,1,C1=CC=CC=C1
1,salicylic acid,0,C1=CC=C(C(=C1)C(=O)O)O
2,octane,1,CCCCCCCC
3,nornicotine,1,C1CC(NC1)C2=CN=CC=C2
4,bupropion,1,CC(C(=O)C1=CC(=CC=C1)Cl)NC(C)(C)C
5,nicotine,1,CN1CCCC1C2=CN=CC=C2
6,toluene,1,CC1=CC=CC=C1
7,pervertin,1,CC(CC1=CC=CC=C1)NC
8,PK 11195,1,CCC(C)N(C)C(=O)C1=CC2=CC=CC=C2C(=N1)C3=CC=CC=C3Cl
9,acetaminophen,1,CC(=O)NC1=CC=C(C=C1)O
10,acyclovir,1,C1=NC2=C(N1COCCO)NC(=NC2=O)N
11,salbutamol,0,CC(C)(C)NCC(C1=CC(=C(C=C1)O)CO)O
12,theophylline,1,CN1C2=C(C(=O)N(C1=O)C)NC=N2
13,amitriptyline,1,CN(C)CCC=C1C2=CC=CC=C2CCC3=CC=CC=C31
14,aspirin,1,CC(=O)OC1=CC=CC=C1C(=O)O
15,atenolol,0,CC(C)NCC(COC1=CC=C(C=C1)CC(=O)N)O
16,betahistine,1,CNCCC1=CC=CC=N1
17,betaxolol,1,CC(C)NCC(COC1=CC=C(C=C1)CCOCC2CC2)O
18,biperiden,1,C1CCN(CC1)CCC(C2CC3CC2C=C3)(C4=CC=CC=C4)O
19,bromocriptine,0,CC(C)CC1C(=O)N2CCCC2C3(N1C(=O)C(O3)(C(C)C)NC(=O)C4CN(C5CC6=C(NC7=CC=CC(=C67)C5=C4)Br)C)O
20,bromperidol,1,C1CN(CCC1(C2=CC=C(C=C2)Br)O)CCCC(=O)C3=CC=C(C=C3)F
21,bunitrolol,1,CC(C)(C)NCC(COC1=CC=CC=C1C#N)O
22,buspirone,1,C1CCC2(C1)CC(=O)N(C(=O)C2)CCCCN3CCN(CC3)C4=NC=CC=N4
23,butamben,1,CCCCOC(=O)C1=CC=C(C=C1)N
24,verapamil,1,CC(C)C(CCCN(C)CCC1=CC(=C(C=C1)OC)OC)(C#N)C2=CC(=C(C=C2)OC)OC
25,carbamazepine epoxide,1,C1=CC=C2C(=C1)C3C(O3)C4=CC=CC=C4N2C(=O)N
26,carmustine,1,C(CCl)NC(=O)N(CCCl)N=O
27,cetirizine,0,C1CN(CCN1CCOCC(=O)O)C(C2=CC=CC=C2)C3=CC=C(C=C3)Cl
28,chlorambucil,0,C1=CC(=CC=C1CCCC(=O)O)N(CCCl)CCCl
29,chlorpromazine,1,CN(C)CCCN1C2=CC=CC=C2SC3=C1C=C(C=C3)Cl
30,cimetidine,0,CC1=C(N=CN1)CSCCNC(=NC)NC#N
31,clobazam,1,CN1C(=O)CC(=O)N(C2=C1C=CC(=C2)Cl)C3=CC=CC=C3
32,desipramine,1,CNCCCN1C2=CC=CC=C2CCC3=CC=CC=C31
33,nordiazepam,1,C1C(=O)NC2=C(C=C(C=C2)Cl)C(=N1)C3=CC=CC=C3
34,amphetamine,1,CC(CC1=CC=CC=C1)N
35,diazepam,1,CN1C(=O)CN=C(C2=C1C=CC(=C2)Cl)C3=CC=CC=C3
36,didanosine,0,C1CC(OC1CO)N2C=NC3=C2NC=NC3=O
37,diphenhydramine,1,CN(C)CCOC(C1=CC=CC=C1)C2=CC=CC=C2
38,valproic acid,1,CCCC(CCC)C(=O)O
39,domperidone,1,C1CN(CCC1N2C3=C(C=C(C=C3)Cl)NC2=O)CCCN4C5=CC=CC=C5NC4=O
40,donepezil,1,COC1=C(C=C2C(=C1)CC(C2=O)CC3CCN(CC3)CC4=CC=CC=C4)OC
41,doxylamine,1,CC(C1=CC=CC=C1)(C2=CC=CC=N2)OCCN(C)C
42,enoxolone,0,CC1(C2CCC3(C(C2(CCC1O)C)C(=O)C=C4C3(CCC5(C4CC(CC5)(C)C(=O)O)C)C)C)C
43,etodolac,0,CCC1=CC=CC2=C1NC3=C2CCOC3(CC)CC(=O)O
44,etoposide,0, CC1OCC2C(O1)C(C(C(O2)OC3C4COC(=O)C4C(C5=CC6=C(C=C35)OCO6)C7=CC(=C(C(=C7)OC)O)OC)O)O
45,fentanyl,1,CCC(=O)N(C1CCN(CC1)CCC2=CC=CC=C2)C3=CC=CC=C3
46,fexofenadine,1,CC(C)(C1=CC=C(C=C1)C(CCCN2CCC(CC2)C(C3=CC=CC=C3)(C4=CC=CC=C4)O)O)C(=O)O
47,triflumethazine,1,C1CN(CCN1CCCN2C3=CC=CC=C3SC4=C2C=C(C=C4)C(F)(F)F)CCO
48,fluoxetine,1,CNCCC(C1=CC=CC=C1)OC2=CC=C(C=C2)C(F)(F)F
49,granisetron,1,CN1C2CCCC1CC(C2)NC(=O)C3=NN(C4=CC=CC=C43)C
50,haloperidol,1,C1CN(CCC1(C2=CC=C(C=C2)Cl)O)CCCC(=O)C3=CC=C(C=C3)F
51,halothane,1,C(C(F)(F)F)(Cl)Br
52,hydroxyzine,1,C1CN(CCN1CCOCCO)C(C2=CC=CC=C2)C3=CC=C(C=C3)Cl
53,lidocaine,1,CCN(CC)CC(=O)NC1=C(C=CC=C1C)C
54,imipramine,1,CN(C)CCCN1C2=CC=CC=C2CCC3=CC=CC=C31
55,indomethacin,0,CC1=C(C2=C(N1C(=O)C3=CC=C(C=C3)Cl)C=CC(=C2)OC)CC(=O)O
56,isoflurane,1,C(C(F)(F)F)(OC(F)F)Cl
57,loperamide,1,CN(C)C(=O)C(CCN1CCC(CC1)(C2=CC=C(C=C2)Cl)O)(C3=CC=CC=C3)C4=CC=CC=C4
58,lorazepam,1,C1=CC=C(C(=C1)C2=NC(C(=O)NC3=C2C=C(C=C3)Cl)O)Cl
59,mefloquine,1,C1CCNC(C1)C(C2=CC(=NC3=C2C=CC=C3C(F)(F)F)C(F)(F)F)O
60,methotrexate,0,CN(CC1=CN=C2C(=N1)C(=NC(=N2)N)N)C3=CC=C(C=C3)C(=O)NC(CCC(=O)O)C(=O)O
61,metoprolol,1,CC(C)NCC(COC1=CC=C(C=C1)CCOC)O
62,mianserin,1,CN1CCN2C(C1)C3=CC=CC=C3CC4=CC=CC=C42
63,midazolam,1,CC1=NC=C2N1C3=C(C=C(C=C3)Cl)C(=NC2)C4=CC=CC=C4F
64,mirtazapine,1,CN1CCN2C(C1)C3=CC=CC=C3CC4=C2N=CC=C4
65,nalidixic acid,1,CCN1C=C(C(=O)C2=C1N=C(C=C2)C)C(=O)O
66,olanzapine,1,CC1=CC2=C(NC3=CC=CC=C3N=C2S1)N4CCN(CC4)C
67,omeprazole,1,CC1=CN=C(C(=C1OC)C)CS(=O)C2=NC3=C(N2)C=C(C=C3)OC
68,oxazepam,1,C1=CC=C(C=C1)C2=NC(C(=O)NC3=C2C=C(C=C3)Cl)O
69,pentazocine,1,CC1C2CC3=C(C1(CCN2CC=C(C)C)C)C=C(C=C3)O
70,phenylbutazone,1,CCCCC1C(=O)N(N(C1=O)C2=CC=CC=C2)C3=CC=CC=C3
71,promazine,1,CN(C)CCCN1C2=CC=CC=C2SC3=CC=CC=C31
72,propofol,1,CC(C)C1=C(C(=CC=C1)C(C)C)O
73,propranolol,1,CC(C)NCC(COC1=CC=CC2=CC=CC=C21)O
74,pyrilamine,1,CN(C)CCN(CC1=CC=C(C=C1)OC)C2=CC=CC=N2
75,ranitidine,0,CNC(=C[N+](=O)[O-])NCCSCC1=CC=C(O1)CN(C)C
76,ribavirin,1,C1=NC(=NN1C2C(C(C(O2)CO)O)O)C(=O)N
77,rolipram,1,COC1=C(C=C(C=C1)C2CC(=O)NC2)OC3CCCC3
78,S-methyl-isothiourea,1,CSC(=N)N
79,stavudine,1,CC1=CN(C(=O)NC1=O)C2C=CC(O2)CO
80,sevoflurane,1,C(OC(C(F)(F)F)C(F)(F)F)F
81,terfenadine,1,CC(C)(C)C1=CC=C(C=C1)C(CCCN2CCC(CC2)C(C3=CC=CC=C3)(C4=CC=CC=C4)O)O
82,tretinoin,1,CC1=C(C(CCC1)(C)C)C=CC(=CC=CC(=CC(=O)O)C)C
83,triazolam,1,CC1=NN=C2N1C3=C(C=C(C=C3)Cl)C(=NC2)C4=CC=CC=C4Cl
84,trifluoperazine,1,CN1CCN(CC1)CCCN2C3=CC=CC=C3SC4=C2C=C(C=C4)C(F)(F)F
85,triflupromazine,1,CN(C)CCCN1C2=CC=CC=C2SC3=C1C=C(C=C3)C(F)(F)F
86,zidovudine,1,CC1=CN(C(=O)NC1=O)C2CC(C(O2)CO)N=[N+]=[N-]
87,zolpidem,1,CC1=CC=C(C=C1)C2=C(N3C=C(C=CC3=N2)C)CC(=O)N(C)C
88,cocaine,1,CN1C2CCC1C(C(C2)OC(=O)C3=CC=CC=C3)C(=O)OC
89,vincristine,0, CCC1(CC2CC(C3=C(CCN(C2)C1)C4=CC=CC=C4N3)(C5=C(C=C6C(=C5)C78CCN9C7C(C=CC9)(C(C(C8N6C=O)(C(=O)OC)O)OC(=O)C)CC)OC)C(=O)OC)O
90,levodopa,1,C1=CC(=C(C=C1CC(C(=O)O)N)O)O
91,AR 1D9859,1,CCCCN1CC2CC3=CC(=C(C=C3C2C1)OC)OC.Cl
92,D-mannitol,0,C(C(C(C(C(CO)O)O)O)O)O
93,carbon bisulfide,1,C(=S)=S
94,2-bromopropane,1,CC(C)Br
95,phencyclidine,1,C1CCC(CC1)(C2=CC=CC=C2)N3CCCCC3
96,trichloroethene,1,C(=C(Cl)Cl)Cl
97,risocaine,1,CCCOC(=O)C1=CC=C(C=C1)N
98,o-xylene,1,CC1=CC=CC=C1C
99,tert-butylbenzene,1,CC(C)(C)C1=CC=CC=C1
100,vinylbenzene,1,C=CC1=CC=CC=C1
101,propylhexedrine,1,CC(CC1CCCCC1)NC
102,p-xylene,1,CC1=CC=C(C=C1)C
103,acrylonitrile,1,C=CC#N
104,isopropyl acetate,1,CC(C)OC(=O)C
105,cyclohexylmethane,1,CC1CCCCC1
106,isobutyl acetate,1,CC(C)COC(=O)C
107,1-octene,1,CCCCCCC=C
108,n-nonane,1,CCCCCCCCC
109,ortal,1,CCCCCCC1(C(=O)NC(=O)NC1=O)CC
110,galanthamine,1,CN1CCC23C=CC(CC2OC4=C(C=CC(=C34)C1)OC)O
111,salicylurate,1,C1=CC=C(C(=C1)C(=O)NCC(=O)O)O
112,metamphetamine,1,CC(CC1=CC=CC=C1)NC
113,hexahydro-o-xylene,1,CC1CCCCC1C
114,2-methylheptane,1,CCCCCC(C)C
115,pentyl acetate,1,CCCCCOC(=O)C
116,"1,1,1,2-tetrachloroethane",1,C(C(Cl)(Cl)Cl)Cl
117,butaperazine,1,CCCC(=O)C1=CC2=C(C=C1)SC3=CC=CC=C3N2CCCN4CCN(CC4)C
118,2-methylnonane,1,CCCCCCCC(C)C
119,1-decene,1,CCCCCCCCC=C
120,tert-butylmethylether,1,CC(C)(C)OC
121,decane,1,CCCCCCCCCC
122,elegas,1,FS(F)(F)(F)(F)F
123,toliprolol,1,CC1=CC(=CC=C1)OCC(CNC(C)C)O
124,t-butylcyclohexane,1,CC(C)(C)C1CCCCC1
125,isononane,1,CCCCCCC(C)C
126,cytisine,0,C1C2CNCC1C3=CC=CC(=O)N3C2
127,zalcitabine,0,C1CC(OC1CO)N2C=CC(=NC2=O)N
128,desmonomethylpromazine,1,CNCCCN1C2=CC=CC=C2SC3=CC=CC=C31
129,digoxin,0, CC1C(C(CC(O1)OC2C(OC(CC2O)OC3C(OC(CC3O)OC4CCC5(C(C4)CCC6C5CC(C7(C6(CCC7C8=CC(=O)OC8)O)C)O)C)C)C)O)O
130,isopentyl acetate,1,CC(C)CCOC(=O)C
131,1-nonene,1,CCCCCCCC=C
132,perchloroethylene,1,C(=C(Cl)Cl)(Cl)Cl
133,doxorubicin,1, CC1C(C(CC(O1)OC2CC(CC3=C(C4=C(C(=C23)O)C(=O)C5=C(C4=O)C=CC=C5OC)O)(C(=O)CO)O)N)O
134,alovudine,1,CC1=CN(C(=O)NC1=O)C2CC(C(O2)CO)F
135,miloxacin,1,CON1C=C(C(=O)C2=CC3=C(C=C21)OCO3)C(=O)O
136,pergolide,1,CCCN1CC(CC2C1CC3=CNC4=CC=CC2=C34)CSC
137,tiotidine,1,CN=C(NCCSCC1=CSC(=N1)N=C(N)N)NC#N
138,lupitidine,0,CC1=NC=C(C=C1)CC2=CN=C(NC2=O)NCCSCC3=CC=C(O3)C(C)(C)N.Cl.Cl.Cl
139,lupitidinum,0,CC1=NC=C(C=C1)CC2=CN=C(NC2=O)NCCSCC3=CC=C(O3)C(C)(C)N
140,yamatetan,0,CN1C(=NN=N1)SCC2=C(N3C(C(C3=O)(NC(=O)C4SC(=C(C(=O)N)C(=O)[O-])S4)OC)SC2)C(=O)[O-].[Na+].[Na+]
141,cefotetan,0,CN1C(=NN=N1)SCC2=C(N3C(C(C3=O)(NC(=O)C4SC(=C(C(=O)N)C(=O)O)S4)OC)SC2)C(=O)O
142,temelastine,0,CC1=NC=C(C=C1)CC2=CN=C(NC2=O)NCCCCC3=NC=C(C=C3C)Br
143,flesinoxan,1,C1CN(CCN1CCNC(=O)C2=CC=C(C=C2)F)C3=C4C(=CC=C3)OC(CO4)CO
144,indinavir,1,CC(C)(C)NC(=O)C1CN(CCN1CC(CC(CC2=CC=CC=C2)C(=O)NC3C(CC4=CC=CC=C34)O)O)CC5=CN=CC=C5
145,apaxifylline,0,CCCN1C2=C(C(=O)N(C1=O)CCC)NC(=N2)C3CCC(=O)C3
146,norchlorpromazine,1,CNCCCN1C2=CC=CC=C2SC3=C1C=C(C=C3)Cl
147,nelfinavir mesylate,1, CC1=C(C=CC=C1O)C(=O)NC(CSC2=CC=CC=C2)C(CN3CC4CCCCC4CC3C(=O)NC(C)(C)C)O.CS(=O)(=O)O
148,nelfinavir,1,CC1=C(C=CC=C1O)C(=O)NC(CSC2=CC=CC=C2)C(CN3CC4CCCCC4CC3C(=O)NC(C)(C)C)O
149,amprenavir,1,CC(C)CN(CC(C(CC1=CC=CC=C1)NC(=O)OC2CCOC2)O)S(=O)(=O)C3=CC=C(C=C3)N
150,4-carboxybiphenyl,0,C1=CC=C(C=C1)C2=CC=C(C=C2)C(=O)O
151,16a-fluoroestradiol,1,CC12CCC3C(C1CC(C2O)F)CCC4=C3C=CC(=C4)O
152,sertraline,1,CNC1CCC(C2=CC=CC=C12)C3=CC(=C(C=C3)Cl)Cl
153,kusol,1,C1CC2=CC=CC=C2NC1
154,icotidine,0,CC1=NC=C(C=C1)CC2=CN=C(NC2=O)NCCCCC3=C(C=CC=N3)OC
155,didemethylchlorpromazine,1,C1=CC=C2C(=C1)N(C3=C(S2)C=CC(=C3)Cl)CCCN
156,rivastigmine,1,CCN(C)C(=O)OC1=CC=CC(=C1)C(C)N(C)C
157,chlorambucil-t-butylester,1,CC(C)(C)OC(=O)CCCC1=CC=C(C=C1)N(CCCl)CCCl
158,thiazole-22-aminoethyl,1,C1=CSC(=N1)CCN
159,norclobazam,1,C1C(=O)NC2=C(C=C(C=C2)Cl)N(C1=O)C3=CC=CC=C3
160,tripropylphosphine,1,CC1CCC(C(C1)C)C
161,alpha-(4-pyridyl-1-oxide)-N-tert-butylnitrone,1,CC(C)(C)[N+](=O)C=C1C=CN(C=C1)[O-]
162,norverapamil,1,CC(C)C(CCCNCCC1=CC(=C(C=C1)OC)OC)(C#N)C2=CC(=C(C=C2)OC)OC
163,northioridazine,1,CSC1=CC2=C(C=C1)SC3=CC=CC=C3N2CCC4CCCNC4
164,paliperidone,1,CC1=C(C(=O)N2CCCC(C2=N1)O)CCN3CCC(CC3)C4=NOC5=C4C=CC(=C5)F
165,N-methylspiroperidol,1,CN1CN(C2(C1=O)CCN(CC2)CCCC(=O)C3=CC=C(C=C3)F)C4=CC=CC=C4
166,2-hydroxydesipramine,1,CNCCCN1C2=C(CCC3=CC=CC=C31)C=C(C=C2)O
167,CHEBI 218555,1,CC(C)C1=NC(=NO1)C2=C3CN(C(=O)C4=C(N3C=N2)C=CC=C4Cl)C
168,7-hydroxy ropinirole,1,CCCN(CCC)CCC1=C2CC(=O)NC2=C(C=C1)O
169,didesipramine,1,C1CC2=CC=CC=C2N(C3=CC=CC=C31)CCCN
170,alpha-hydroxyalprazolam,0,C1C2=NN=C(N2C3=C(C=C(C=C3)Cl)C(=N1)C4=CC=CC=C4)CO
171,beloxepin,1,CC1=CC=CC2=C1OC3=CC=CC=C3C4(C2CN(CC4)C)O
172,4-hydroxyalprazolam,0,CC1=NN=C2N1C3=C(C=C(C=C3)Cl)C(=NC2O)C4=CC=CC=C4
173,phenserine,1,CC12CCN(C1N(C3=C2C=C(C=C3)OC(=O)NC4=CC=CC=C4)C)C
174,zanapezil,1,C1CCNC2=C(C1)C=CC(=C2)C(=O)CCC3CCN(CC3)CC4=CC=CC=C4
175,MP 005-942-485,1,CC1C2=CC=CC=C2CCN1C3=NC(=NC(=C3C)C)NC4=CC=C(C=C4)F
176,saquinavir,1, CC(C)(C)NC(=O)C1CC2CCCCC2CN1CC(C(CC3=CC=CC=C3)NC(=O)C(CC(=O)N)NC(=O)C4=NC5=CC=CC=C5C=C4)O
177,tibolone,1,CC1CC2=C(CCC(=O)C2)C3C1C4CCC(C4(CC3)C)(C#C)O
178,darifenacin,1,C1CN(CC1C(C2=CC=CC=C2)(C3=CC=CC=C3)C(=O)N)CCC4=CC5=C(C=C4)OCC5
179,9-hydroxyrisperidone,1,CC1=C(C(=O)N2CC(CCC2=N1)O)CCN3CCC(CC3)C4=NOC5=C4C=CC(=C5)F
180,phenothiazine,1,CN(C)CCCN1C2=CC=CC=C2S(=O)C3=CC=CC=C31
181,tamoxifen,1,CCC(=C(C1=CC=CC=C1)C2=CC=C(C=C2)OCCN(C)C)C3=CC=CC=C3
182,3-methyl-2-phenyl-N-(1-phenylpropyl)-quinoline-4-carboxamide,1,CCC(C1=CC=CC=C1)NC(=O)C2=C(C(=NC3=CC=CC=C32)C4=CC=CC=C4)C
183,codeine,1,CN1CCC23C4C1CC5=C2C(=C(C=C5)OC)OC3C(C=C4)O
184,fluvoxamine,1,COCCCCC(=NOCCN)C1=CC=C(C=C1)C(F)(F)F
185,tyrylen,1,CCCC(=O)C1=CC2=C(C=C1)SC3=CC=CC=C3N2CCCN4CCN(CC4)C.C(=CC(=O)O)C(=O)O.C(=CC(=O)O)C(=O)O
186,cyclosporin A,1, CCC1C(=O)N(CC(=O)N(C(C(=O)NC(C(=O)N(C(C(=O)NC(C(=O)NC(C(=O)N(C(C(=O)N(C(C(=O)N(C(C(=O)N(C(C(=O)N1)C(C(C)C=CC)O)C)CC(C)C)C)CC(C)C)C)CC(C)C)C)C)C)CC(C)C)C)C(C)C)CC(C)C)C)C
187,ZINC 04226975,1,C1=CC=C(C=C1)C2=CSC(=N2)CC[NH3+]
188,CHEBI: 568657,1,C1CN(CCN1)C2=NC(=C(C=C2)C(F)(F)F)Cl
189,CHEBI: 167165,1,C1CN(CCC1COC2=CC=C(C=C2)C#N)CC=CI
190,org 5222,1,CN1CC2C(C1)C3=C(C=CC(=C3)Cl)OC4=CC=CC=C24
191,CHEBI: 338581,1,CC(=O)NCCCOC1=CC=CC(=C1)CN2CCCCC2
192,CHEBI: 338033,1,C1CCN(CC1)CC2=CC(=CC=C2)OCCCNC3=CC=CC=N3
193,CHEBI: 338584,0,CC(CO)(C1=NC(=NO1)C2=C3CN(C(=O)C4=C(N3C=N2)C=CC=C4Cl)C)O
194,CHEBI: 338585,0,CC(C)(C1=NC(=NO1)C2=C3CN(C(=O)C4=C(N3C=N2)C=CC=C4Cl)C)O
195,3-methylhexane,1,CC[CH][C]([CH2])CC
196,CHEBI: 385616,1,C1CCN(CC1)CC2=CC(=C(C=C2)I)CN3CCCCC3
197,CHEBI: 163710,0,CN(C)C1=NC=CC(=C1)C2=NC(=NN2)N
198,CHEBI: 287982,1,CCCCCCN1CCN(CC1)C2=CC=C(C=C2)I
199,CHEBI: 339093,1,C1=CC(=C(N=C1)CSCCNC2=C(C=CN2)[N+](=O)[O-])Br
200,CHEBI: 339092,1,C1=CC=NC(=C1)CSCCNC2=C(C=CN2)[N+](=O)[O-]
201,CHEBI: 338035,1,CN(C)CC1=CC=C(O1)CSCCNC2=C(C(=CN2)CC3=CC=CC=C3)[N+](=O)[O-]
202,CHEBI: 338961,1,C1CCN(CC1)CC2=CC(=CC=C2)OCCCNC3=NC=CS3
203,CHEBI: 338063,0,C1=CC(=CC(=C1)N)C2=CSC(=N2)N=C(N)N
204,CHEBI: 338620,0,CCNC(=NCCSCC1=C(C=CC=N1)Br)NC#N
205,CHEBI: 145922,0,CN=C(NC#N)NC1=CC=CC(=C1)C2=CSC(=N2)N=C(N)N
206,16a-fluoroestradiol,1,CC12CCC3C(C1CC(C2O)F)CCC4=C3C=CC(=C4)O
207,MP 001-772-915,1,C(C(Cl)Br)C(F)(F)F
208,CID 22154175,1,CC1=CC=CC2=C1OC3=CC=CC=C3C4(C2CNCC4)O
209,ZINC 05140934,1,C[NH2+]CCCN1C2=C(CCC3=CC=CC=C31)C=C(C=C2)O
210,ZINC 11886332,1,C1=CSC(=N1)CC[NH3+]
211,BBB001,1,COc1ccc(cc1)C2Sc3ccccc3N(CCN(C)C)C(=O)C2OC(=O)C
212,BBB002,1,CC(C(=O)O)c1ccc(c(F)c1)c2ccccc2
213,BBB003,1,CC(C)(C)c1nc(cc(n1)C(F)(F)F)N2CCN(CCCSC3=NC=CC(=O)N3)CC2
214,BBB004,1,CC1=C(CCN2CCC(=C(c3ccc(F)cc3)c4ccc(F)cc4)CC2)C(=O)N5C=CSC5=N1
215,BBB005,1,Clc1cccc(c1)N2CCN(CCCN3N=C4C=CC=CN4C3=O)CC2
216,BBB007,1,CC(C)Oc1cc2sc(C)nc2cc1CNC3CCCNC3c4ccccc4
217,BBB008,1,Brc1cccc(Br)c1N=C2NCCN2
218,BBB009,1,COc1ccc(cc1CNC2CCCNC2c3ccccc3)c4nccs4
219,BBB010,1,COc1ccccc1CNC2C3CCN(CC3)C2C(c4ccccc4)c5ccccc5
220,BBB011,1,O=C1C=CC(=NN1CCN2CCCCC2)c3c(nn4ccccc34)c5ccccc5
221,BBB012,1,Clc1ccc2Oc3ccccc3C4CNCC4c2c1
222,BBB013,1,OC12CNCC1c3ccccc3Oc4ccc(Cl)cc24
223,BBB014,1,COc1cc(CNC2CCCNC2c3ccccc3)c4OCCc4c1
224,BBB016,1,Clc1cc(Br)cc(Cl)c1N=C2NCCN2
225,BBB017,1,CC(C)Oc1ccc(OC(F)(F)F)cc1CNC2CCCNC2c3ccccc3
226,BBB018,1,COc1ccc(cc1CNC2C3CCN(CC3)C2C(c4ccccc4)c5ccccc5)C(C)(C)C
227,BBB019,1,CSc1ccc2Sc3ccccc3N(CCC4CCCCN4C)c2c1
228,BBB020,1,CN1C(=O)C(O)N=C(c2ccccc2Cl)c3cc(Cl)ccc13
229,BBB021,1,Clc1cc(Cl)c(N=C2NCCN2)c(Cl)c1
230,BBB022,1,Nc1nnc(c(N)n1)c2cccc(Cl)c2Cl
231,BBB023,1,COc1ccc(cc1CNC2C3CCN(CC3)C2C(c4ccccc4)c5ccccc5)C(C)C
232,BBB024,1,COc1cc2sc(C)nc2cc1CNC3CCCNC3c4ccccc4
233,BBB025,1,COc1cc2oc(C)nc2cc1CNC3CCCNC3c4ccccc4
234,BBB026,1,CN(C)c1ccccc1Sc2ccc(CCF)cc2N
235,BBB027,1,OC(CNCC(O)C1CCc2cc(F)ccc2O1)C3CCc4cc(F)ccc4O3
236,BBB028,1,Brc1cc(Br)c(N=C2NCCN2)c(Br)c1
237,BBB029,1,CN(C1CCN(CC(O)COc2ccc(F)c(F)c2)CC1)c3nc4ccccc4s3
238,BBB030,1,Clc1ccc2Oc3ccccc3N=C(N4CCNCC4)c2c1
239,BBB031,1,CCC12CCN(CC3(O)CC3)C(Cc4ccc(O)cc14)C2(C)C
240,BBB032,1,CCOC(=O)C1(CCN(C)CC1)c2ccccc2
241,BBB033,1,Oc1ccc2CC3N(CC4CC4)CCC56C(Oc1c25)c7[nH]c8ccccc8c7CC36O
242,BBB034,1,COc1ccc2nccc(C(O)C3CC4CCN3CC4C=C)c2c1
243,BBB035,1,CN(C1CCC2(CCCO2)CC1N3CCCC3)C(=O)Cc4ccccc4
244,BBB036,1,COc1ccc(cc1)C(CN(C)C)C2(O)CCCCC2
245,BBB037,1,COc1cc2sc(nc2cc1CNC3CCCNC3c4ccccc4)C5CC5
246,BBB038,1,COc1ccc(OC(F)(F)F)cc1CNC2CCCNC2c3ccccc3
247,BBB039,1,CCC(C)Nc1ccc(I)c(NC(C)CC)c1
248,BBB040,1,CNCCC(Oc1ccccc1C)c2ccccc2
249,BBB041,1,CN1CCN(CC1)C2=Nc3cc(Cl)ccc3Nc4ccccc24
250,BBB042,1,CCC(C)C(=O)OC1CC(C)C=C2C=CC(C)C(CCC(O)CC(O)CC(=O)O)C12
251,BBB043,1,OCCN1CCN(CCCN2c3ccccc3Sc4ccc(Cl)cc24)CC1
252,BBB044,1,OCCOCCN1CCN(CC1)C2=Nc3ccccc3Sc4ccccc24
253,BBB045,1,COc1cccc(CC2CCN(CC2)C3CCC(CC3)(OC)c4ccc5OCOc5c4)c1
254,BBB046,1,CSc1ccc2Sc3ccccc3N(CCC4CCCCN4)c2c1
255,BBB047,1,CN1CCN(CC1)C2=Nc3ccccc3Nc4sc(C)cc24
256,BBB048,1,CN(C1CCN(CC(O)COc2ccc(F)cc2)CC1)c3nc4ccccc4s3
257,BBB049,1,CN1CCN(CC1)C2=Nc3ccccc3Oc4ccc(Cl)cc24
258,BBB050,1,CCCN1CC(C)N(CC1C)C(c2ccc(cc2)C(=O)N(CC)CC)c3cccc(OC)c3
259,BBB051,1,COc1cc2sc(nc2cc1CNC3CCCNC3c4ccccc4)C(C)(C)C
260,BBB052,1,COc1ccccc1CNC2CCCNC2c3ccccc3
261,BBB053,1,FC(F)Oc1ccc(OC(F)(F)F)cc1CNC2CCCNC2c3ccccc3
262,BBB054,1,COc1ccc(cc1CNC2C3CCN(CC3)C2C(c4ccccc4)c5ccccc5)C(C)(C)O
263,BBB055,1,CCC(=O)C(C(C)N(C)C)(c1ccccc1)c2ccccc2
264,BBB056,1,COc1ccc(cc1CNC2CCCNC2c3ccccc3)C(C)C
265,BBB057,1,CC(C)(C)c1ccc(OC(F)(F)F)c(CNC2CCCNC2c3ccccc3)c1
266,BBB058,1,COc1ccc(cc1CNC2CCCNC2c3ccccc3)C(C)(C)C
267,BBB059,1,CN(C)CCC=C1c2ccccc2COc3ccccc13
268,BBB060,1,CC12NC(Cc3ccccc13)c4ccccc24
269,BBB061,1,CCc1cccc(NC(=Nc2cccc(CC)c2)C)c1
270,BBB062,1,CN(C)COC(c1ccccc1)c2ccccc2
271,BBB063,1,COc1cc2sc(nc2cc1CNC3CCCNC3c4ccccc4)c5ccccc5
272,BBB064,1,CNCCCC12CCC(c3ccccc13)c4ccccc24
273,BBB065,1,CCC(C)N1CCN(CC1)c2ccc(I)cc2
274,BBB066,1,CC(C)CN1CCN(CC1)c2ccc(I)cc2
275,BBB067,1,CC1CCN(CCCN2c3ccccc3Sc4ccc(cc24)C(F)(F)F)CC1
276,BBB068,1,CCCCN1CC2Cc3cc(OC)c(OC)cc3C2C1
277,BBB069,1,CC(C)NCC(O)COc1cccc(C)c1
278,BBB070,1,Clc1ccc2NC(=O)CC(=O)N(c3ccccc3)c2c1
279,BBB071,1,FC(F)(F)CC(Cl)Br
280,BBB072,1,COC(C)(C)C
281,BBB073,1,OC1N=C(c2ccccc2Cl)c3cc(Cl)ccc3NC1=O
282,BBB074,1,CSc1ccc2Sc3ccccc3N(CCC4CCCNC4)c2c1
283,BBB075,1,CN1CCN(CC1)C2=C3C=C(C)SC3=Nc4ccccc4N2
284,BBB077,1,CCC(=C(c1ccccc1)c2ccc(OCCN(C)C)cc2)c3ccccc3
285,BBB078,1,CN(C)CCOC(c1ccccc1)c2ccccc2
286,BBB079,1,CCCN1CC(CSC)CC2C1Cc3c[nH]c4cccc2c34
287,BBB080,1,CCC(NC(=O)c1c(C)c(nc2ccccc12)c3ccccc3)c4ccccc4
288,BBB082,1,COc1ccc2CN(C)CCC34C=CC(O)CC3Oc1c24
289,BBB083,1,C1CNC(C1)c2cccnc2
290,BBB084,1,ClCC(Cl)(Cl)Cl
291,BBB087,1,CN1CCCC1c2cccnc2
292,BBB088,1,CN1C(=O)CC(=O)N(c2ccccc2)c3cc(Cl)ccc13
293,BBB090,1,CNCCC(Oc1ccc(cc1)C(F)(F)F)c2ccccc2
294,BBB091,1,CCCCCCC1(CC)C(=O)NC(=O)NC1=O
295,BBB092,1,Cc1ncc2CN=C(c3ccccc3F)c4cc(Cl)ccc4n12
296,BBB095,1,ClC(=C(Cl)Cl)Cl
297,BBB097,1,CC(C)(C)NCC(O)COc1ccccc1C#N
298,BBB099,1,CC(C)NCC(O)COc1ccc(CCOCC2CC2)cc1
299,BBB100,1,OCCOCCN1CCN(CC1)C(c2ccccc2)c3ccc(Cl)cc3
300,BBB103,1,CC1CC2=C(CCC(=O)C2)C3CCC4(C)C(CCC4(O)C#C)C13
301,BBB105,1,CCCCOC(=O)c1ccc(N)cc1
302,BBB107,1,CC(C)(C)c1ccccc1
303,BBB108,1,C(CNc1nccs1)COc2cccc(CN3CCCCC3)c2
304,BBB110,1,C=Cc1ccccc1
305,BBB111,1,CN1CN(c2ccccc2)C3(CCN(CCCC(=O)c4ccc(F)cc4)CC3)C1=O
306,BBB112,1,O=C1CC2(CCCC2)CC(=O)N1CCCCN3CCN(CC3)c4ncccn4
307,BBB113,1,CCC(C)N(C)C(=O)c1cc2ccccc2c(n1)c3ccccc3Cl
308,BBB116,1,Clc1ccc2NC(=O)CN=C(c3ccccc3)c2c1
309,BBB117,1,CN1C(=O)CN=C(c2ccccc2)c3cc(Cl)ccc13
310,BBB119,1,Cc1cccc2C3CNCCC3(O)c4ccccc4Oc12
311,BBB120,1,C1CCN(CC1)C2(CCCCC2)c3ccccc3
312,BBB121,1,CNCCCN1c2ccccc2CCc3cc(O)ccc13
313,BBB122,1,CN1CCN2C(C1)c3ccccc3Cc4cccnc24
314,BBB123,1,CC1C2Cc3ccc(O)cc3C1(C)CCN2CC=C(C)C
315,BBB124,1,COc1ccc2CC3C4C=CC(O)C5Oc1c2C45CCN3C
316,BBB127,1,CCCOC(=O)c1ccc(N)cc1
317,BBB129,1,CCC(=O)N(C1CCN(CCc2ccccc2)CC1)c3ccccc3
318,BBB130,1,CNCCCN1c2ccccc2Sc3ccccc13
319,BBB131,1,S=C=S
320,BBB132,1,COC(=O)C1C(CC2CCC1N2C)OC(=O)c3ccccc3
321,BBB133,1,OC1N=C(c2ccccc2)c3cc(Cl)ccc3NC1=O
322,BBB134,1,COc1ccc(cc1OC2CCCC2)C3CNC(=O)C3
323,BBB136,1,Cc1nnc2CN=C(c3ccccc3Cl)c4cc(Cl)ccc4n12
324,BBB137,1,OC(C1CCCCN1)c2cc(nc3c(cccc23)C(F)(F)F)C(F)(F)F
325,BBB138,1,CN(C)CCOC(C)(c1ccccc1)c2ccccn2
326,BBB139,1,CC(C)NCC(O)COc1cccc2ccccc12
327,BBB140,1,CC(C)(C)c1ccc(cc1)C(O)CCCN2CCC(CC2)C(O)(c3ccccc3)c4ccccc4
328,BBB141,1,C1CNc2ccccc2C1
329,BBB143,1,CC1N(CCc2ccccc12)c3nc(Nc4ccc(F)cc4)nc(C)c3C
330,BBB144,1,C(CNc1ccccn1)COc2cccc(CN3CCCCC3)c2
331,BBB148,1,CN(C)C(=O)C(CCN1CCC(O)(CC1)c2ccc(Cl)cc2)(c3ccccc3)c4ccccc4
332,BBB149,1,COCCCCC(=NOCCN)c1ccc(cc1)C(F)(F)F
333,BBB152,1,CN1CCC2(O)C(C1)c3cccc(C)c3Oc4ccccc24
334,BBB153,1,OC(CCN1CCCCC1)(C2CC3CC2C=C3)c4ccccc4
335,BBB156,1,CCN(C)C(=O)Oc1cccc(c1)C(C)N(C)C
336,BBB157,1,CN(C)CCC=C1c2ccccc2CCc3ccccc13
337,BBB158,1,COc1cc2CC(CC3CCN(Cc4ccccc4)CC3)C(=O)c2cc1OC
338,BBB166,1,NCCCN1c2ccccc2Sc3ccc(Cl)cc13
339,BBB168,1,Ic1ccc(CN2CCCCC2)cc1CN3CCCCC3
340,BBB169,1,CN1CCN2C(C1)c3ccccc3Cc4ccccc24
341,BBB170,1,CN1CCC2(C)C1N(C)c3ccc(OC(=O)Nc4ccccc4)cc23
342,BBB171,1,CC(C)(C)OC(=O)CCCc1ccc(cc1)N(CCCl)CCCl
343,BBB172,1,CCCCCCN1CCN(CC1)c2ccc(I)cc2
344,BBB174,1,NCCCN1c2ccccc2CCc3ccccc13
345,BBB175,1,CC1CCC(C)C(C)C1
346,BBB176,1,CN1CC2C(C1)c3cc(Cl)ccc3Oc4ccccc24
347,BBB179,1,CN(C)CCCN1c2ccccc2Sc3ccc(Cl)cc13
348,BBB180,1,CN(C)CCCN1c2ccccc2CCc3ccccc13
349,BBB182,1,CNC(C)CC1CCCCC1
350,BBB184,1,IC=CCN1CCC(COc2ccc(cc2)C#N)CC1
351,BBB185,1,O=C(CCC1CCN(Cc2ccccc2)CC1)c3ccc4CCCCNc4c3
352,BBB187,1,CNCCCN1c2ccccc2CCc3ccccc13
353,BBB188,1,CN(C)CCCN1c2ccccc2Sc3ccccc13
354,BBB189,1,OC1(CCN(CCCC(=O)c2ccc(F)cc2)CC1)c3ccc(Cl)cc3
355,BBB190,1,CNCCCN1c2ccccc2Sc3ccc(Cl)cc13
356,BBB191,1,OC1(CCN(CCCC(=O)c2ccc(F)cc2)CC1)c3ccc(Br)cc3
357,BBB192,1,CN1CCN(CCCN2c3ccccc3Sc4ccc(cc24)C(F)(F)F)CC1
358,BBB193,1,CN(C)CCCN1c2ccccc2Sc3ccc(cc13)C(F)(F)F
359,BBB194,1,OCCN1CCN(CCCN2c3ccccc3Sc4ccc(cc24)C(F)(F)F)CC1
360,BBB195,1,CNC1CCC(c2ccc(Cl)c(Cl)c2)c3ccccc13
361,BBB196,1,FC(F)(F)c1ccc(nc1Cl)N2CCNCC2
362,BBB197,1,CCCC(=O)c1ccc2Sc3ccccc3N(CCCN4CCN(C)CC4)c2c1
363,BBB199,0,COc1ccc2CC3N(C)CCC45C(Oc1c24)C(=O)CCC35O
364,BBB200,0,CC(C)c1onc(n1)c2ncn3c2CN(C)C(=O)c4c(Cl)cccc34
365,BBB201,0,CC(CCC(=O)NCCS(=O)(=O)O)C1CCC2C3C(O)CC4CC(O)CCC4(C)C3CC(O)C12C
366,BBB202,0,CC1(C)SSC(C)(C)C(NC(=O)C(N)Cc2ccc(O)cc2)C(=O)NCC(=O)NC(Cc3ccccc3)C(=O)NC1C(=O)O
367,BBB203,0,CCNC(=NC#N)NCCSCc1ncccc1Br
368,BBB204,0,COc1cccnc1CCCCNC2=NC(=O)C(=CN2)Cc3ccc(C)nc3
369,BBB205,0,Cc1ccc(CC2=CNC(=NC2=O)NCCCCc3ncc(Br)cc3C)cn1
370,BBB206,0,OC1=C(Oc2cc(O)cc(O)c2C1=O)c3ccc(O)c(O)c3
371,BBB207,0,CC(=O)Nc1cccc(c1)c2csc(N=C(N)N)n2
372,BBB208,0,CNC(=NC#N)Nc1cccc(c1)c2csc(N=C(N)N)n2
373,BBB211,0,Cc1ccccc1N=C2NCCN2
374,BBB212,0,Cc1ccc(N=C2NCCN2)c(C)c1
375,BBB213,0,CN(C)Cc1oc(CSCCNC2=NC(=O)C(=CN2)Cc3ccc4ccccc4c3)cc1
376,BBB214,0,Clc1ccc(cc1)C(C#N)c2c(Cl)cc(cc2Cl)N3N=CC(=O)NC3=O
377,BBB215,0,OCC1CCC(O1)n2cnc3C(=O)NC=Nc23
378,BBB216,0,COc1ccc2N(C(C)C(CC(=O)O)c2c1)C(=O)c3ccc(Cl)cc3
379,BBB217,0,CNC(=C[N+](=O)[O-])NCCSc1oc(CN(C)C)cc1
380,BBB218,0,CNC(=NCCSCc1oc(CN(C)C)cc1)[CH-][N+](=O)[O-]
381,BBB219,0,CN(C)c1cc(ccn1)c2n[nH]c(N)n2
382,BBB220,0,CN(C)Cc1oc(CSCCNc2[nH]ccc2[N+](=O)[O-])cc1
383,BBB221,0,CN1CC(C=C2C1Cc3c[nH]c4cccc2c34)C(=O)NC5(C)OC6(O)C7CCCN7C(=O)C(Cc8ccccc8)N6C5=O
384,BBB222,0,CN(C)Cc1oc(CSCCNC2=NC(=O)C(=CN2)Cc3ccc(C)nc3)cc1
385,BBB223,0,COC(=O)C1=C(O)C=C(CC1C)Nc2cccc(c2)[N+](=O)[O-]
386,BBB224,0,CN(C)C(=O)CN1N=C(C=CC1=O)c2c(nn3ccccc23)c4ccccc4
387,BBB225,0,COC(=O)C1C(C)CC(=CC1=O)Nc2cccc(c2)[N+](=O)[O-]
388,BBB226,0,Clc1cccc(c1)C(c2ccc3[nH]cnc3c2)n4ccnc4
389,BBB227,0,COc1cc2CCN(c2cc1CNC3C4CCN(C4)C3C(c5ccccc5)c6ccccc6)S(=O)(=O)C
390,BBB228,0,OC(=O)CCCCON=C(c1cccnc1)c2cccc(c2)C(F)(F)F
391,BBB229,0,COC(=O)C1=C(O)C=C(CC1C)Nc2ccc(Cl)cc2
392,BBB230,0,COC(=O)C1C(C)CC(=CC1=O)Nc2ccc(Cl)cc2
393,BBB231,0,COc1ccc(Cl)cc1C(=O)NCCc2ccc(cc2)S(=O)(=O)NC(=O)NC3CCCCC3
394,BBB232,0,CC12CCC(=O)C=C1CCC3C4CCC(O)(C(=O)CO)C4(C)CC(O)C23
395,BBB233,0,COc1cc2nc(nc(N)c2cc1OC)N3CCN(CC3)C(=O)c4occc4
396,BBB234,0,Nc1cccc(CN2CCC(CC2)NC(=O)C(O)(C3CCC(F)(F)C3)c4ccccc4)n1
397,BBB235,0,Cc1cc(Cl)ccc1N=C2NCCN2
398,BBB236,0,NC1=Nc2c(ncn2COCCO)C(=O)N1
399,BBB237,0,COc1ccc2[nH]c(nc2c1)S(=O)Cc3ncc(C)c(OC)c3C
400,BBB239,0,NC(Cc1ccc(F)cc1)C(=O)O
401,BBB240,0,COC1=CC=C2C(=CC1=O)C(CCc3cc(OC)c(OC)c(OC)c23)NC(=O)C
402,BBB241,0,COc1cccc2C(=O)c3c(O)c4CC(O)(CC(OC5CC(N)C(O)C(C)O5)c4c(O)c3C(=O)c12)C(C)O
403,BBB242,0,Oc1ccc(cc1)C2CC(=O)c3c(O)cc(O)cc3O2
404,BBB243,0,NC1=NC(=O)N(C=C1)C2CC(CO)C(CO)O2
405,BBB244,0,CCC1NC(=O)C(C(O)C(C)CC=CC)N(C)C(=O)C(C(C)C)N(C)C(=O)C(CC(C)C)N(C)C(=O)C(CC(C)C)N(C)C(=O)C(C)NC(=O)C(C)NC(=O)C(CC(C)C)NC(=O)C(NC(=O)C(CC(C)C)N(C)C(=O)CN(C)C1=O)C(C)C
406,BBB245,0,CC1=CN(C2CC(C=[N+]=[N-])C(CO)O2)C(=O)NC1=O
407,BBB246,0,CC1CN(CCC1(C(=O)O)c2ccccc2)C3CCC(CC3)(C#N)c4ccc(F)cc4
408,BBB247,0,CCN(CC)CCNC(=O)c1cc(Cl)c(N)cc1OC
409,BBB248,0,CCC(C)N1N=CN(C1=O)c2ccc(cc2)N3CCN(CC3)c4ccc(OCC5COC(CSc6nncn6C)(O5)c7ccc(Cl)cc7)cc4
410,BBB249,0,CC(C)C(NC(=O)N(C)Cc1csc(n1)C(C)C)C(=O)NC(CC(O)C(Cc2ccccc2)NC(=O)OCc3cncs3)Cc4ccccc4
411,BBB250,0,CCCCNC(=O)NS(=O)(=O)c1ccc(C)cc1
412,BBB251,0,OC(=O)c1cc[nH]c1NCCSCc2ncccc2Br
413,BBB252,0,Cc1ccc(N=C2NCCN2)c(Cl)c1
414,BBB253,0,CC(=O)N1CCN(CC1)c2ccc(OCC3COC(Cn4ccnc4)(O3)c5ccc(Cl)cc5Cl)cc2
415,BBB254,0,CC(=O)OC1C(=O)C2(C)C(O)CC3OCC3(OC(=O)C)C2C(OC(=O)c4ccccc4)C5(O)CC(OC(=O)C(O)C(NC(=O)c6ccccc6)c7ccccc7)C(=C1C5(C)C)C
416,BBB255,0,CN1CN(c2ccc(Br)cc2)C3(CCN(CCCC(=O)c4ccc(F)cc4)CC3)C1=O
417,BBB256,0,CC(C)NCC(O)COc1ccc(NC(=O)C)cc1
418,BBB257,0,NC(Cc1ccc(cc1)N(CCCl)CCCl)C(=O)O
419,BBB258,0,CC12CC(O)C3C(CCC4=CC(=O)CCC34C)C1CCC2C(=O)CO
420,BBB259,0,CC(=O)OCC(=O)NCCCOc1cccc(CN2CCCCC2)c1
421,BBB260,0,CCN1CN(c2ccc(Br)cc2)C3(CCN(CCCC(=O)c4ccc(F)cc4)CC3)C1=O
422,BBB261,0,CCCN(CCC)CCc1cc(O)c2NC(=O)Cc2c1
423,BBB262,0,COc1cc2CC(C)N(c2cc1CNC3CCCNC3c4ccccc4)S(=O)(=O)C
424,BBB263,0,CN1CCC23C4Oc5c(O)ccc(CC1C2C=CC4O)c35
425,BBB264,0,CC(C)(C)NCC(O)COc1cccc2NC(=O)CCc12
426,BBB265,0,CCCN(CCC)S(=O)(=O)c1ccc(cc1)C(=O)O
427,BBB266,0,CNS(=O)(=O)Cc1ccc2[nH]c(CCN(C)C)cc2c1
428,BBB267,0,CC(C)(C)[N+](=Cc1cc[n+]([O-])cc1)[O-]
429,BBB268,0,COc1ccc(cc1CNC2CCCNC2c3ccccc3)N(c4nc(C)c(C)s4)S(=O)(=O)C
430,BBB269,0,CN1C(=O)N(C)c2[nH]cnc2C1=O
431,BBB270,0,NC(=O)C1c2ccccc2C3OC3c4ccccc14
432,BBB271,0,CC(=O)CN1N=C(C=CC1=O)c2c(nn3ccccc23)c4ccccc4
433,BBB272,0,CCC1(C(=O)NC(=O)NC1=O)C2=CCCCC2
434,BBB273,0,CCNC(=NCCSCc1ncccc1Br)NC#N
435,BBB274,0,COc1cccnc1CCCCNC2=NC=C(Cc3ccc(C)nc3)C(=O)N2
436,BBB275,0,Cc1ccc(CC2=CN=C(NCCCCc3ncc(Br)cc3C)NC2=O)cn1
437,BBB276,0,CN=C(NC#N)Nc1cccc(c1)c2csc(N=C(N)N)n2
438,BBB277,0,Cc1nnc2C(O)N=C(c3ccccc3)c4cc(Cl)ccc4n12
439,BBB278,0,OCC1CCC(O1)n2cnc3C(=O)N=CNc23
440,BBB279,0,OCc1nnc2CN=C(c3ccccc3)c4cc(Cl)ccc4n12
441,BBB280,0,CNC(=C[N+](=O)[O-])NCCSCc1oc(CN(C)C)cc1
442,BBB281,0,CN(C)c1cc(ccn1)c2nc(N)n[nH]2
443,BBB282,0,CN=C(NCCSCc1nc[nH]c1C)NC#N
444,BBB283,0,NC1=NC(=O)c2ncn(COCCO)c2N1
445,BBB284,0,COc1ccc2nc([nH]c2c1)S(=O)Cc3ncc(C)c(OC)c3C
446,BBB285,0,CN=C(NCCSCc1csc(N=C(N)N)n1)NC#N
447,BBB286,0,CCC1NC(=O)C(C(O)C(C)C=CC)N(C)C(=O)C(CC(C)C)N(C)C(=O)C(CC(C)C)N(C)C(=O)C(CC(C)C)N(C)C(=O)C(C)NC(=O)C(C)NC(=O)C(CC(C)C)N(C)C(=O)C(NC(=O)C(CC(C)C)N(C)C(=O)CN(C)C1=O)C(C)C
448,BBB287,0,CN1C2CCCC1CC(C2)NC(=O)c3nn(C)c4ccccc34
449,BBB288,0,CC1=C(CCN2CCC(CC2)c3noc4cc(F)ccc34)C(=O)N5CC(O)CCC5=N1
450,BBB289,0,COc1ccc(CCN(C)CCCC(C#N)(C(C)C)c2ccc(OC)c(OC)c2)cc1OC
451,BBB291,0,CC(C)(C)[N+](=O)C=C1C=CN(O)C=C1
452,BBB292,0,CN1C(=O)N(C)c2nc[nH]c2C1=O
453,BBB293,0,OC(=O)COCCN1CCN(CC1)C(c2ccccc2)c3ccc(Cl)cc3
454,BBB294,0,COc1cc(cc(OC)c1O)C2C3C(COC3=O)C(OC4OC5COC(C)OC5C(O)C4O)c6cc7OCOc7cc26
455,BBB295,0,COC1(NC(=O)C2SC(=C(C(=O)N)C(=O)O)S2)C3SCC(=C(N3C1=O)C(=O)O)CSc4nnnn4C
456,BBB296,0,CN1Cc2c(ncn2c3cccc(Cl)c3C1=O)c4noc(n4)C(C)(O)CO
457,BBB297,0,OC(=O)CCCc1ccc(cc1)N(CCCl)CCCl
458,BBB299,0,CN(Cc1cnc2nc(N)nc(N)c2n1)c3ccc(cc3)C(=O)NC(CCC(=O)O)C(=O)O
459,BBB301,0,CCCN1C(=O)N(CCC)c2nc([nH]c2C1=O)C3CCC(=O)C3
460,BBB302,0,CC1(C)C(O)CCC2(C)C1CCC3(C)C2C(=O)C=C4C5CC(C)(CCC5(C)CCC34C)C(=O)O
461,BBB303,0,CN1Cc2c(ncn2c3cccc(Cl)c3C1=O)c4noc(n4)C(C)(C)O
462,BBB304,0,CCc1cccc2c3CCOC(CC)(CC(=O)O)c3[nH]c12
463,BBB305,0,NCCc1nc(cs1)c2ccccc2
464,BBB306,0,COc1ccc2c(c1)c(CC(=O)O)c(C)n2C(=O)c3ccc(Cl)cc3
465,BBB307,0,OC(=O)c1ccc(cc1)c2ccccc2
466,BBB308,0,CC1OC(CC(O)C1O)OC2C(O)CC(OC3C(O)CC(OC4CCC5(C)C(CCC6C5CC(O)C7(C)C(CCC67O)C8=CC(=O)OC8)C4)OC3C)OC2C
467,BBB309,0,NC1=NC(=O)N(C=C1)C2CCC(CO)O2
468,BBB310,0,NC(=Nc1nc(cs1)c2cccc(N)c2)N
469,BBB311,0,CC(C)CC1N2C(=O)C(NC(=O)C3CN(C)C4Cc5c(Br)[nH]c6cccc(C4=C3)c56)(OC2(O)C7CCCN7C1=O)C(C)C
470,BBB312,0,OC(=O)c1ccccc1O
471,BBB313,0,O=C1C=CC=C2C3CNCC(C3)CN12
472,BBB315,0,CCC1(O)CC2CN(CCc3c([nH]c4ccccc34)C(C2)(C(=O)OC)c5cc6c(cc5OC)N(C=O)C7C(O)(C(OC(=O)C)C8(CC)C=CCN9CCC67C89)C(=O)OC)C1
473,BBB316,0,CC(C)(C(=O)O)c1ccc(cc1)C(O)CCCN2CCC(CC2)C(O)(c3ccccc3)c4ccccc4
474,BBB317,0,CC(C)(C)NC(=O)C1CC2CCCCC2CN1CC(O)C(Cc3ccccc3)NC(=O)C(CC(=O)N)NC(=O)c4ccc5ccccc5n4
475,BBB318,0,Cc1c(O)cccc1C(=O)NC(CSc2ccccc2)C(O)CN3CC4CCCCC4CC3C(=O)NC(C)(C)C
476,BBB319,0,CC(C)NCC(O)COc1ccc(CC(=O)N)cc1
477,BBB320,0,CON1C=C(C(=O)O)C(=O)c2cc3OCOc3cc12
478,BBB321,0,COc1cccc2C(=O)c3c(O)c4CC(O)(CC(OC5CC(N)C(O)C(C)O5)c4c(O)c3C(=O)c12)C(=O)CO
479,BBB322,0,Clc1ccc2N(C3CCN(CCCN4C(=O)Nc5ccccc45)CC3)C(=O)Nc2c1
480,BBB323,0,NC(Cc1ccc(O)c(O)c1)C(=O)O
481,BBB324,0,CC(C)(C)NC(=O)C1CN(Cc2cccnc2)CCN1CC(O)CC(Cc3ccccc3)C(=O)NC4C(O)Cc5ccccc45
482,BBB325,0,CN(C)Cc1oc(CSCCNc2[nH]cc(Cc3ccccc3)c2[N+](=O)[O-])cc1
483,BBB326,0,CC1=CN(C2CC(N=[N+]=[N-])C(CO)O2)C(=O)NC1=O
484,BBB327,0,[O-][N+](=O)c1cc[nH]c1NCCSCc2ncccc2Br
485,BBB328,0,CC1=C(CCN2CCC(CC2)c3noc4cc(F)ccc34)C(=O)N5CCCC(O)C5=N1
486,BBB329,0,NC(=O)c1ncn(n1)C2OC(CO)C(O)C2O
487,BBB330,0,[O-][N+](=O)c1cc[nH]c1NCCSCc2ccccn2
488,BBB331,0,CCN1C=C(C(=O)O)C(=O)c2ccc(C)nc12
489,BBB332,0,COc1ccc(CCNCCCC(C#N)(C(C)C)c2ccc(OC)c(OC)c2)cc1OC
490,BBB333,0,NC(=O)C(C1CCN(CCc2ccc3OCCc3c2)C1)(c4ccccc4)c5ccccc5
491,BBB335,0,CC1=CN(C2CC(F)C(CO)O2)C(=O)NC1=O
492,BBB336,0,CC(C)CN(CC(O)C(Cc1ccccc1)NC(=O)OC2CCOC2)S(=O)(=O)c3ccc(N)cc3
493,BBB337,0,ClCCNC(=O)N(CCCl)N=O
494,BBB338,0,CCCCC1C(=O)N(N(C1=O)c2ccccc2)c3ccccc3
495,BBB340,0,CC(=CC=CC(=CC(=O)O)C)C=CC1=C(C)CCCC1(C)C
496,BBB341,0,CN(C)CCCN1c2ccccc2S(=O)c3ccccc13
497,BBB342,0,CC1=CN(C2OC(CO)C=C2)C(=O)NC1=O
498,BBB343,0,CN(C)C(=O)Cc1c(nc2ccc(C)cn12)c3ccc(C)cc3
499,BBB345,0,OCC1COc2c(O1)cccc2N3CCN(CCNC(=O)c4ccc(F)cc4)CC3
500,BBB346,0,OC(=O)CNC(=O)c1ccccc1O
501,BBB347,0,CCCN(CCC)CCc1ccc(O)c2NC(=O)Cc12
502,BBB350,0,NC(=O)N1c2ccccc2C3OC3c4ccccc14
503,BBB352,0,CC12CCC3C(CCc4cc(O)ccc34)C1CC(F)C2O
504,BBB353,0,Cc1ccc(CC2=CN=C(NCCSCc3oc(cc3)C(C)(C)N)NC2=O)cn1
